,sku_code,jan_23,feb_23,mar_23,apr_23,may_23,jun_23
0,shirt,313.0,349.4,385.79999999999995,422.2,458.59999999999997,495.0
1,jeans,264.5,293.2,321.9,350.6,379.3,408.0
2,bath towel,249.5,253.5,257.5,261.5,265.5,269.5
3,bed sheet,278.0,293.0,308.0,323.0,338.0,353.0
4,pillow,255.0,260.1,265.2,270.3,275.4,280.5
