,sku_code,jan_23,feb_23,mar_23,apr_23,may_23,jun_23
0,shirt,240.2,247.48000000000002,255.05200000000002,256.3048,252.55352000000005,253.67124800000005
1,jeans,178.4,172.66000000000003,177.88400000000001,180.63160000000002,177.98984000000002,178.22821600000003
2,bath towel,241.5,242.3,249.37,251.738,248.1162,248.87188000000003
3,bed sheet,233.0,230.0,232.6,235.54000000000002,233.296,233.5004
4,pillow,239.7,238.68,244.382,247.2968,243.93932,244.50916800000005
