,sku_code,jan_23,feb_23,mar_23,apr_23,may_23,jun_23
0,shirt,222.0,224.0,241.5,251.875,234.84375,238.0546875
1,jeans,192.75,163.1875,172.234375,187.04296875,178.8037109375,175.317138671875
2,bath towel,239.5,224.125,238.40625,253.0078125,238.759765625,238.57470703125
3,bed sheet,240.5,225.375,225.96875,240.2109375,233.013671875,231.14208984375
4,pillow,242.25,225.0625,234.328125,250.41015625,238.0126953125,236.953369140625
