,sku_code,jan_23,feb_23,mar_23,apr_23,may_23,jun_23
0,shirt,209.00000000000003,144.10000000000002,132.0,146.3,209.00000000000003,121.00000000000001
1,jeans,189.20000000000002,144.10000000000002,242.00000000000003,146.3,195.8,121.00000000000001
2,bath towel,209.00000000000003,144.10000000000002,132.0,149.60000000000002,209.00000000000003,126.50000000000001
3,bed sheet,189.20000000000002,144.10000000000002,242.00000000000003,146.3,183.70000000000002,169.4
4,pillow,209.00000000000003,151.8,242.00000000000003,187.00000000000003,165.0,121.00000000000001
