,sku_code,jan_23,feb_23,mar_23,apr_23,may_23,jun_23
0,shirt,254.5,252.65,257.95,262.3125,258.99125000000004,259.03125
1,jeans,188.4,178.85000000000002,180.82500000000002,185.38500000000002,183.56625000000003,183.13812500000003
2,bath towel,255.15,248.775,252.675,257.80375000000004,254.90187500000002,254.68062500000002
3,bed sheet,240.3,235.05,234.85000000000002,239.13250000000002,237.56625000000003,237.29875
4,pillow,251.8,245.2,247.55,252.845,250.26999999999998,249.99875
